id,document,tag,content
10,O1.docx,1b. Bütün nesne,Aslında biz tüm sembolleri kullanıyoruz. Buraya işte bütün XXX diş fırçası yeri geliyor bunu kullanıyoruz oyun hamurları ile ilgili işlem yapıyoruz etkinlik derslerimizde.
10,O1.docx,1b. Nesne parçası,Aslında biz tüm sembolleri kullanıyoruz. Buraya işte bütün XXX diş fırçası yeri geliyor bunu kullanıyoruz oyun hamurları ile ilgili işlem yapıyoruz etkinlik derslerimizde.
10,O1.docx,1b. İlişkili nesne,Aslında biz tüm sembolleri kullanıyoruz. Buraya işte bütün XXX diş fırçası yeri geliyor bunu kullanıyoruz oyun hamurları ile ilgili işlem yapıyoruz etkinlik derslerimizde.
10,O1.docx,1. Kullanım,Aslında biz tüm sembolleri kullanıyoruz. Buraya işte bütün XXX diş fırçası yeri geliyor bunu kullanıyoruz oyun hamurları ile ilgili işlem yapıyoruz etkinlik derslerimizde.
10,O1.docx,1d. Nesne/somut materyal,Aslında biz tüm sembolleri kullanıyoruz. Buraya işte bütün XXX diş fırçası yeri geliyor bunu kullanıyoruz oyun hamurları ile ilgili işlem yapıyoruz etkinlik derslerimizde.
11,O1.docx,1b. Yapı/doku,"Yine aynı şekilde yapı veya şekilleri kumaş, tahtaların değişik sembolleri kullanabiliyoruz."
11,O1.docx,1. Kullanım,"Yine aynı şekilde yapı veya şekilleri kumaş, tahtaların değişik sembolleri kullanabiliyoruz."
11,O1.docx,1b. Şekil,"Yine aynı şekilde yapı veya şekilleri kumaş, tahtaların değişik sembolleri kullanabiliyoruz."
12,O1.docx,1b. Dokunsal resim/grafik,Dokunabilir sembolleri kullanıyoruz. Resim şöyle totallık resim görmediği için resim kullanmıyoruz çocuklarımıza. Çizgi resim çizgi Braillele şeyler çizim tahtasında olan şeylerimizi kullanıyoruz bilirsiniz sizde ruletle çizim XXX değil yani belirtiyorum ben buraya ruletli çizim diyorum da bilginiz olsun en azından. Ruletli çizimler o tür çizgi resimler kullanıyoruz hocam.
12,O1.docx,1. Kullanım,Dokunabilir sembolleri kullanıyoruz. Resim şöyle totallık resim görmediği için resim kullanmıyoruz çocuklarımıza. Çizgi resim çizgi Braillele şeyler çizim tahtasında olan şeylerimizi kullanıyoruz bilirsiniz sizde ruletle çizim XXX değil yani belirtiyorum ben buraya ruletli çizim diyorum da bilginiz olsun en azından. Ruletli çizimler o tür çizgi resimler kullanıyoruz hocam.
13,O1.docx,1b. Dokunsal resim/grafik,Fotoğraf kullanmıyoruz. Fotoğrafın yukarıda baskı makinamız var kabartımsı bir şeyin kabartılmış halini basıyoruz sıcak makinada.
13,O1.docx,1. Kullanım,Fotoğraf kullanmıyoruz. Fotoğrafın yukarıda baskı makinamız var kabartımsı bir şeyin kabartılmış halini basıyoruz sıcak makinada.
14,O1.docx,1b. Dokunsal resim/grafik,Yani XXX makinası şekilde bir makine var kütüphanede bunu narin yani bir anahtarı inceletmek için yani anahtarı bir nesne veririz bir de kabartılmış şeklini veririz farklı olarak yani. Ya da bazen nesne bulamazsak eğer direk oradan makinadan baskı olarak alabiliriz.
14,O1.docx,1. Kullanım,Yani XXX makinası şekilde bir makine var kütüphanede bunu narin yani bir anahtarı inceletmek için yani anahtarı bir nesne veririz bir de kabartılmış şeklini veririz farklı olarak yani. Ya da bazen nesne bulamazsak eğer direk oradan makinadan baskı olarak alabiliriz.
14,O1.docx,1d. Nesne/somut materyal,Yani XXX makinası şekilde bir makine var kütüphanede bunu narin yani bir anahtarı inceletmek için yani anahtarı bir nesne veririz bir de kabartılmış şeklini veririz farklı olarak yani. Ya da bazen nesne bulamazsak eğer direk oradan makinadan baskı olarak alabiliriz.
15,O1.docx,1b. Dokunsal resim/grafik,"Sıcak bir baskı şeyi mesela evimizin anahtarı bir çelik kapı anahtarı düşünün mesela onun üzerinde neler vardır delikler vardır değil mi bir yüzünde kanal vardır hani girmesi gereken daha sonrasında arka tarafında elimizin tuttuğu yerde de şu anahtarlığın geçmesi için yuvarlak bir delik vardır bilirsiniz. Muhittin Taşdemir: Anahtarı makinanın üzerine koyduğunuz zaman, alta da termofon kağıdımızı biliyorsunuz şu şeffaf yağlı bir kağıdımız var farklı bir kağıdımız onu koyduğunuz zaman da makine sıcak baskı yapıyor ütü şeklinde düşünün yani mantığını anlayabildin mi yani üstten baskı olduğu zaman anahtarın şekli kalıp şeklinde tüm anahtarını her şeyini ne kadar üzerinde çelik kapıda bilyeli sistem vardır bilirsiniz yani delik deşik kaç tane nokta varsa aynı şekilde çıkartır makine yani bunu da inceletiriz yani.  Yani biz fotoğraf olarak biz bunu yapabiliyoruz"
15,O1.docx,1. Kullanım,"Sıcak bir baskı şeyi mesela evimizin anahtarı bir çelik kapı anahtarı düşünün mesela onun üzerinde neler vardır delikler vardır değil mi bir yüzünde kanal vardır hani girmesi gereken daha sonrasında arka tarafında elimizin tuttuğu yerde de şu anahtarlığın geçmesi için yuvarlak bir delik vardır bilirsiniz. Muhittin Taşdemir: Anahtarı makinanın üzerine koyduğunuz zaman, alta da termofon kağıdımızı biliyorsunuz şu şeffaf yağlı bir kağıdımız var farklı bir kağıdımız onu koyduğunuz zaman da makine sıcak baskı yapıyor ütü şeklinde düşünün yani mantığını anlayabildin mi yani üstten baskı olduğu zaman anahtarın şekli kalıp şeklinde tüm anahtarını her şeyini ne kadar üzerinde çelik kapıda bilyeli sistem vardır bilirsiniz yani delik deşik kaç tane nokta varsa aynı şekilde çıkartır makine yani bunu da inceletiriz yani.  Yani biz fotoğraf olarak biz bunu yapabiliyoruz"
15,O1.docx,1d. Nesne/somut materyal,"Sıcak bir baskı şeyi mesela evimizin anahtarı bir çelik kapı anahtarı düşünün mesela onun üzerinde neler vardır delikler vardır değil mi bir yüzünde kanal vardır hani girmesi gereken daha sonrasında arka tarafında elimizin tuttuğu yerde de şu anahtarlığın geçmesi için yuvarlak bir delik vardır bilirsiniz. Muhittin Taşdemir: Anahtarı makinanın üzerine koyduğunuz zaman, alta da termofon kağıdımızı biliyorsunuz şu şeffaf yağlı bir kağıdımız var farklı bir kağıdımız onu koyduğunuz zaman da makine sıcak baskı yapıyor ütü şeklinde düşünün yani mantığını anlayabildin mi yani üstten baskı olduğu zaman anahtarın şekli kalıp şeklinde tüm anahtarını her şeyini ne kadar üzerinde çelik kapıda bilyeli sistem vardır bilirsiniz yani delik deşik kaç tane nokta varsa aynı şekilde çıkartır makine yani bunu da inceletiriz yani.  Yani biz fotoğraf olarak biz bunu yapabiliyoruz"
16,O1.docx,1. Kullanım,ama eğer az gören sınıflarımızda puntosu büyütülmüş fotoğraflar resimler bunlar kullanılabilmekte.
16,O1.docx,1b. Resim/fotoğraf,ama eğer az gören sınıflarımızda puntosu büyütülmüş fotoğraflar resimler bunlar kullanılabilmekte.
16,O1.docx,1d. Görsel uyarlama,ama eğer az gören sınıflarımızda puntosu büyütülmüş fotoğraflar resimler bunlar kullanılabilmekte.
17,O1.docx,1. Kullanım,"Grafik, Gülen yüz sembol, evet gülen yüzleri kullanıyoruz duyguları ifade etmek için"
17,O1.docx,1b. Grafik/ikon,"Grafik, Gülen yüz sembol, evet gülen yüzleri kullanıyoruz duyguları ifade etmek için"
18,O1.docx,1. Kullanım,yani onun dışında bizim ders sembollerimiz var örneğin mesela bir toplantı XXX geliştirilmiş bir sembol var.
18,O1.docx,1c. Etkinlik sembolleri,yani onun dışında bizim ders sembollerimiz var örneğin mesela bir toplantı XXX geliştirilmiş bir sembol var.
19,O1.docx,1. Kullanım,Sabah toplantısı Muhittin Taşdemir: Sabah toplantıda kullanılacak ya da sınıfta kimler var yoklaması her öğrencinin özel bir XXX öğrenciye özgü tanımladığımız bir sembol var
19,O1.docx,1c. Etkinlik sembolleri,Sabah toplantısı Muhittin Taşdemir: Sabah toplantıda kullanılacak ya da sınıfta kimler var yoklaması her öğrencinin özel bir XXX öğrenciye özgü tanımladığımız bir sembol var
19,O1.docx,1c. Kişi sembolleri,Sabah toplantısı Muhittin Taşdemir: Sabah toplantıda kullanılacak ya da sınıfta kimler var yoklaması her öğrencinin özel bir XXX öğrenciye özgü tanımladığımız bir sembol var
20,O1.docx,1. Kullanım,Muhittin Taşdemir: Tabi o öğrencinin yani hoşlandığı ya da öğrenci ile ilişkili olan bir nitelik olarak ya da öğrencinin hoşlandığı ya da onun için XXX
20,O1.docx,1c. Kişi sembolleri,Muhittin Taşdemir: Tabi o öğrencinin yani hoşlandığı ya da öğrenci ile ilişkili olan bir nitelik olarak ya da öğrencinin hoşlandığı ya da onun için XXX
20,O1.docx,1d. Kişisel ilgilere uygunluk,Muhittin Taşdemir: Tabi o öğrencinin yani hoşlandığı ya da öğrenci ile ilişkili olan bir nitelik olarak ya da öğrencinin hoşlandığı ya da onun için XXX
21,O1.docx,1b. Bütün nesne,"Muhittin Taşdemir: Örneğin bir kız çocuğu var, kız çocuğu takı takmaktan süslenmekten çok hoşlanıyor ona bir toka sembolü verdik."
21,O1.docx,1b. İlişkili nesne,"Muhittin Taşdemir: Örneğin bir kız çocuğu var, kız çocuğu takı takmaktan süslenmekten çok hoşlanıyor ona bir toka sembolü verdik."
21,O1.docx,1. Kullanım,"Muhittin Taşdemir: Örneğin bir kız çocuğu var, kız çocuğu takı takmaktan süslenmekten çok hoşlanıyor ona bir toka sembolü verdik."
21,O1.docx,1d. Nesne/somut materyal,"Muhittin Taşdemir: Örneğin bir kız çocuğu var, kız çocuğu takı takmaktan süslenmekten çok hoşlanıyor ona bir toka sembolü verdik."
21,O1.docx,1c. Kişi sembolleri,"Muhittin Taşdemir: Örneğin bir kız çocuğu var, kız çocuğu takı takmaktan süslenmekten çok hoşlanıyor ona bir toka sembolü verdik."
21,O1.docx,1d. Kişisel ilgilere uygunluk,"Muhittin Taşdemir: Örneğin bir kız çocuğu var, kız çocuğu takı takmaktan süslenmekten çok hoşlanıyor ona bir toka sembolü verdik."
22,O1.docx,1b. Bütün nesne,Ya da diğer bir erkek çocuğu küçük erkek çocuğuna araba sembolü verdik. Müzikten hoşlanan resim yapan bir çocuğu darbukayı seven bir çocuğa küçük bir davul sembolü koyduk mesela.
22,O1.docx,1b. İlişkili nesne,Ya da diğer bir erkek çocuğu küçük erkek çocuğuna araba sembolü verdik. Müzikten hoşlanan resim yapan bir çocuğu darbukayı seven bir çocuğa küçük bir davul sembolü koyduk mesela.
22,O1.docx,1. Kullanım,Ya da diğer bir erkek çocuğu küçük erkek çocuğuna araba sembolü verdik. Müzikten hoşlanan resim yapan bir çocuğu darbukayı seven bir çocuğa küçük bir davul sembolü koyduk mesela.
22,O1.docx,1d. Nesne/somut materyal,Ya da diğer bir erkek çocuğu küçük erkek çocuğuna araba sembolü verdik. Müzikten hoşlanan resim yapan bir çocuğu darbukayı seven bir çocuğa küçük bir davul sembolü koyduk mesela.
22,O1.docx,1c. Kişi sembolleri,Ya da diğer bir erkek çocuğu küçük erkek çocuğuna araba sembolü verdik. Müzikten hoşlanan resim yapan bir çocuğu darbukayı seven bir çocuğa küçük bir davul sembolü koyduk mesela.
22,O1.docx,1d. Kişisel ilgilere uygunluk,Ya da diğer bir erkek çocuğu küçük erkek çocuğuna araba sembolü verdik. Müzikten hoşlanan resim yapan bir çocuğu darbukayı seven bir çocuğa küçük bir davul sembolü koyduk mesela.
23,O1.docx,1. Kullanım,Bunlar tabi bu sembol 5 tane ayrı sembol oluyor 5 öğrenci olduğu için sınıfta her sembolü her çocuk hangi salonda bildiği için sınıfta sembol dokunur ve sınıfta bugün kimler varı yani sembolize arkadaş aynı durumda var olduğunu hissettirir. Çocuk gelse hiç konuşmasa bile yani o sembolü sayesinde bugün o sınıfta o arkadaşının olduğunun farkına varır yani.
23,O1.docx,1d. Nesne/somut materyal,Bunlar tabi bu sembol 5 tane ayrı sembol oluyor 5 öğrenci olduğu için sınıfta her sembolü her çocuk hangi salonda bildiği için sınıfta sembol dokunur ve sınıfta bugün kimler varı yani sembolize arkadaş aynı durumda var olduğunu hissettirir. Çocuk gelse hiç konuşmasa bile yani o sembolü sayesinde bugün o sınıfta o arkadaşının olduğunun farkına varır yani.
23,O1.docx,1c. Etkinlik sembolleri,Bunlar tabi bu sembol 5 tane ayrı sembol oluyor 5 öğrenci olduğu için sınıfta her sembolü her çocuk hangi salonda bildiği için sınıfta sembol dokunur ve sınıfta bugün kimler varı yani sembolize arkadaş aynı durumda var olduğunu hissettirir. Çocuk gelse hiç konuşmasa bile yani o sembolü sayesinde bugün o sınıfta o arkadaşının olduğunun farkına varır yani.
23,O1.docx,1c. Kişi sembolleri,Bunlar tabi bu sembol 5 tane ayrı sembol oluyor 5 öğrenci olduğu için sınıfta her sembolü her çocuk hangi salonda bildiği için sınıfta sembol dokunur ve sınıfta bugün kimler varı yani sembolize arkadaş aynı durumda var olduğunu hissettirir. Çocuk gelse hiç konuşmasa bile yani o sembolü sayesinde bugün o sınıfta o arkadaşının olduğunun farkına varır yani.
23,O1.docx,2a: Sosyal etkileşim,Bunlar tabi bu sembol 5 tane ayrı sembol oluyor 5 öğrenci olduğu için sınıfta her sembolü her çocuk hangi salonda bildiği için sınıfta sembol dokunur ve sınıfta bugün kimler varı yani sembolize arkadaş aynı durumda var olduğunu hissettirir. Çocuk gelse hiç konuşmasa bile yani o sembolü sayesinde bugün o sınıfta o arkadaşının olduğunun farkına varır yani.
23,O1.docx,2. Gelişim Alanları,Bunlar tabi bu sembol 5 tane ayrı sembol oluyor 5 öğrenci olduğu için sınıfta her sembolü her çocuk hangi salonda bildiği için sınıfta sembol dokunur ve sınıfta bugün kimler varı yani sembolize arkadaş aynı durumda var olduğunu hissettirir. Çocuk gelse hiç konuşmasa bile yani o sembolü sayesinde bugün o sınıfta o arkadaşının olduğunun farkına varır yani.
24,O1.docx,1. Kullanım,"Bunun dışında ders sembollerimiz var demiştim,"
24,O1.docx,1c. Etkinlik sembolleri,"Bunun dışında ders sembollerimiz var demiştim,"
24,O1.docx,1c. Zaman/takvim sembolleri,"Bunun dışında ders sembollerimiz var demiştim,"
25,O1.docx,1. Kullanım,sonra mevsim kartlarındaki mevsim özelliklerini belirten yani o semboller belirtilir.
25,O1.docx,1c. Etkinlik sembolleri,sonra mevsim kartlarındaki mevsim özelliklerini belirten yani o semboller belirtilir.
25,O1.docx,2. Gelişim Alanları,sonra mevsim kartlarındaki mevsim özelliklerini belirten yani o semboller belirtilir.
25,O1.docx,2a: Akademik beceriler,sonra mevsim kartlarındaki mevsim özelliklerini belirten yani o semboller belirtilir.
26,O1.docx,1b. Bütün nesne,Ders sembollerine değinelim mesela beden eğitimi için bir spor dersinde ne yaparız spor ayakkabı giyeriz küçük futbol topu vardır mesela minik futbol topu ortadan ikiye ayrılır kartın üstüne yapıştırılır. Ya da mesela bir din kültürü dersi için biz genelde evde bu çocuklar namaz kıldığı için amin dendiği için seccade ve tesbih vardır mesela biz tesbihi koyduğumuz zaman çocuk onun din kültürü dersi olduğunu anlar. Yemeğe gitmek için bir kaşık sembolü vardır örneğin ya da kahvaltı için bir meyve suyunun üzerini keseriz pipetle beraber onu monte ederiz. Kahvaltıda ne yapılır meyve suyu içilir mantığından gidildiği zaman. Bu ilişkili bağlama XXX birçok sembolümüz var yani yaklaşık 13-14 dersimiz var yani her dersin ayrı bir sembolü var.
26,O1.docx,1b. Nesne parçası,Ders sembollerine değinelim mesela beden eğitimi için bir spor dersinde ne yaparız spor ayakkabı giyeriz küçük futbol topu vardır mesela minik futbol topu ortadan ikiye ayrılır kartın üstüne yapıştırılır. Ya da mesela bir din kültürü dersi için biz genelde evde bu çocuklar namaz kıldığı için amin dendiği için seccade ve tesbih vardır mesela biz tesbihi koyduğumuz zaman çocuk onun din kültürü dersi olduğunu anlar. Yemeğe gitmek için bir kaşık sembolü vardır örneğin ya da kahvaltı için bir meyve suyunun üzerini keseriz pipetle beraber onu monte ederiz. Kahvaltıda ne yapılır meyve suyu içilir mantığından gidildiği zaman. Bu ilişkili bağlama XXX birçok sembolümüz var yani yaklaşık 13-14 dersimiz var yani her dersin ayrı bir sembolü var.
26,O1.docx,1b. İlişkili nesne,Ders sembollerine değinelim mesela beden eğitimi için bir spor dersinde ne yaparız spor ayakkabı giyeriz küçük futbol topu vardır mesela minik futbol topu ortadan ikiye ayrılır kartın üstüne yapıştırılır. Ya da mesela bir din kültürü dersi için biz genelde evde bu çocuklar namaz kıldığı için amin dendiği için seccade ve tesbih vardır mesela biz tesbihi koyduğumuz zaman çocuk onun din kültürü dersi olduğunu anlar. Yemeğe gitmek için bir kaşık sembolü vardır örneğin ya da kahvaltı için bir meyve suyunun üzerini keseriz pipetle beraber onu monte ederiz. Kahvaltıda ne yapılır meyve suyu içilir mantığından gidildiği zaman. Bu ilişkili bağlama XXX birçok sembolümüz var yani yaklaşık 13-14 dersimiz var yani her dersin ayrı bir sembolü var.
26,O1.docx,1. Kullanım,Ders sembollerine değinelim mesela beden eğitimi için bir spor dersinde ne yaparız spor ayakkabı giyeriz küçük futbol topu vardır mesela minik futbol topu ortadan ikiye ayrılır kartın üstüne yapıştırılır. Ya da mesela bir din kültürü dersi için biz genelde evde bu çocuklar namaz kıldığı için amin dendiği için seccade ve tesbih vardır mesela biz tesbihi koyduğumuz zaman çocuk onun din kültürü dersi olduğunu anlar. Yemeğe gitmek için bir kaşık sembolü vardır örneğin ya da kahvaltı için bir meyve suyunun üzerini keseriz pipetle beraber onu monte ederiz. Kahvaltıda ne yapılır meyve suyu içilir mantığından gidildiği zaman. Bu ilişkili bağlama XXX birçok sembolümüz var yani yaklaşık 13-14 dersimiz var yani her dersin ayrı bir sembolü var.
26,O1.docx,1d. Nesne/somut materyal,Ders sembollerine değinelim mesela beden eğitimi için bir spor dersinde ne yaparız spor ayakkabı giyeriz küçük futbol topu vardır mesela minik futbol topu ortadan ikiye ayrılır kartın üstüne yapıştırılır. Ya da mesela bir din kültürü dersi için biz genelde evde bu çocuklar namaz kıldığı için amin dendiği için seccade ve tesbih vardır mesela biz tesbihi koyduğumuz zaman çocuk onun din kültürü dersi olduğunu anlar. Yemeğe gitmek için bir kaşık sembolü vardır örneğin ya da kahvaltı için bir meyve suyunun üzerini keseriz pipetle beraber onu monte ederiz. Kahvaltıda ne yapılır meyve suyu içilir mantığından gidildiği zaman. Bu ilişkili bağlama XXX birçok sembolümüz var yani yaklaşık 13-14 dersimiz var yani her dersin ayrı bir sembolü var.
26,O1.docx,1c. Etkinlik sembolleri,Ders sembollerine değinelim mesela beden eğitimi için bir spor dersinde ne yaparız spor ayakkabı giyeriz küçük futbol topu vardır mesela minik futbol topu ortadan ikiye ayrılır kartın üstüne yapıştırılır. Ya da mesela bir din kültürü dersi için biz genelde evde bu çocuklar namaz kıldığı için amin dendiği için seccade ve tesbih vardır mesela biz tesbihi koyduğumuz zaman çocuk onun din kültürü dersi olduğunu anlar. Yemeğe gitmek için bir kaşık sembolü vardır örneğin ya da kahvaltı için bir meyve suyunun üzerini keseriz pipetle beraber onu monte ederiz. Kahvaltıda ne yapılır meyve suyu içilir mantığından gidildiği zaman. Bu ilişkili bağlama XXX birçok sembolümüz var yani yaklaşık 13-14 dersimiz var yani her dersin ayrı bir sembolü var.
26,O1.docx,1d. Kişisel ilgilere uygunluk,Ders sembollerine değinelim mesela beden eğitimi için bir spor dersinde ne yaparız spor ayakkabı giyeriz küçük futbol topu vardır mesela minik futbol topu ortadan ikiye ayrılır kartın üstüne yapıştırılır. Ya da mesela bir din kültürü dersi için biz genelde evde bu çocuklar namaz kıldığı için amin dendiği için seccade ve tesbih vardır mesela biz tesbihi koyduğumuz zaman çocuk onun din kültürü dersi olduğunu anlar. Yemeğe gitmek için bir kaşık sembolü vardır örneğin ya da kahvaltı için bir meyve suyunun üzerini keseriz pipetle beraber onu monte ederiz. Kahvaltıda ne yapılır meyve suyu içilir mantığından gidildiği zaman. Bu ilişkili bağlama XXX birçok sembolümüz var yani yaklaşık 13-14 dersimiz var yani her dersin ayrı bir sembolü var.
26,O1.docx,1c. Zaman/takvim sembolleri,Ders sembollerine değinelim mesela beden eğitimi için bir spor dersinde ne yaparız spor ayakkabı giyeriz küçük futbol topu vardır mesela minik futbol topu ortadan ikiye ayrılır kartın üstüne yapıştırılır. Ya da mesela bir din kültürü dersi için biz genelde evde bu çocuklar namaz kıldığı için amin dendiği için seccade ve tesbih vardır mesela biz tesbihi koyduğumuz zaman çocuk onun din kültürü dersi olduğunu anlar. Yemeğe gitmek için bir kaşık sembolü vardır örneğin ya da kahvaltı için bir meyve suyunun üzerini keseriz pipetle beraber onu monte ederiz. Kahvaltıda ne yapılır meyve suyu içilir mantığından gidildiği zaman. Bu ilişkili bağlama XXX birçok sembolümüz var yani yaklaşık 13-14 dersimiz var yani her dersin ayrı bir sembolü var.
27,O1.docx,1b. Bütün nesne,Resimde görsel sanatlarda Mustafa Doğuş: Hepsinin ayrı ayrı var Muhittin Taşdemir: Pastel boyadır
27,O1.docx,1b. Nesne parçası,Resimde görsel sanatlarda Mustafa Doğuş: Hepsinin ayrı ayrı var Muhittin Taşdemir: Pastel boyadır
27,O1.docx,1b. İlişkili nesne,Resimde görsel sanatlarda Mustafa Doğuş: Hepsinin ayrı ayrı var Muhittin Taşdemir: Pastel boyadır
27,O1.docx,1. Kullanım,Resimde görsel sanatlarda Mustafa Doğuş: Hepsinin ayrı ayrı var Muhittin Taşdemir: Pastel boyadır
27,O1.docx,1d. Nesne/somut materyal,Resimde görsel sanatlarda Mustafa Doğuş: Hepsinin ayrı ayrı var Muhittin Taşdemir: Pastel boyadır
27,O1.docx,1c. Etkinlik sembolleri,Resimde görsel sanatlarda Mustafa Doğuş: Hepsinin ayrı ayrı var Muhittin Taşdemir: Pastel boyadır
27,O1.docx,1c. Zaman/takvim sembolleri,Resimde görsel sanatlarda Mustafa Doğuş: Hepsinin ayrı ayrı var Muhittin Taşdemir: Pastel boyadır
28,O1.docx,1b. İlişkili nesne,mesela onun dışında hayat bilgisinde ev sembolü vardır mesela çünkü evimizle ilgili ailemizle ilgili konuşuyoruz hayat bilgisi derslerinde.
28,O1.docx,1b. Dokunsal resim/grafik,mesela onun dışında hayat bilgisinde ev sembolü vardır mesela çünkü evimizle ilgili ailemizle ilgili konuşuyoruz hayat bilgisi derslerinde.
28,O1.docx,1. Kullanım,mesela onun dışında hayat bilgisinde ev sembolü vardır mesela çünkü evimizle ilgili ailemizle ilgili konuşuyoruz hayat bilgisi derslerinde.
28,O1.docx,1d. Nesne/somut materyal,mesela onun dışında hayat bilgisinde ev sembolü vardır mesela çünkü evimizle ilgili ailemizle ilgili konuşuyoruz hayat bilgisi derslerinde.
28,O1.docx,1c. Etkinlik sembolleri,mesela onun dışında hayat bilgisinde ev sembolü vardır mesela çünkü evimizle ilgili ailemizle ilgili konuşuyoruz hayat bilgisi derslerinde.
28,O1.docx,2a: Akademik beceriler,mesela onun dışında hayat bilgisinde ev sembolü vardır mesela çünkü evimizle ilgili ailemizle ilgili konuşuyoruz hayat bilgisi derslerinde.
28,O1.docx,1c. Zaman/takvim sembolleri,mesela onun dışında hayat bilgisinde ev sembolü vardır mesela çünkü evimizle ilgili ailemizle ilgili konuşuyoruz hayat bilgisi derslerinde.
29,O1.docx,1. Kullanım,Bu vardır Matematikte ya XXX koyarız fasülye ya çubuk koyarız sayfa becerilerini yapabildiğini göstermesi için bu yani.
29,O1.docx,1d. Nesne/somut materyal,Bu vardır Matematikte ya XXX koyarız fasülye ya çubuk koyarız sayfa becerilerini yapabildiğini göstermesi için bu yani.
29,O1.docx,1c. Etkinlik sembolleri,Bu vardır Matematikte ya XXX koyarız fasülye ya çubuk koyarız sayfa becerilerini yapabildiğini göstermesi için bu yani.
29,O1.docx,2a: Akademik beceriler,Bu vardır Matematikte ya XXX koyarız fasülye ya çubuk koyarız sayfa becerilerini yapabildiğini göstermesi için bu yani.
29,O1.docx,1c. Zaman/takvim sembolleri,Bu vardır Matematikte ya XXX koyarız fasülye ya çubuk koyarız sayfa becerilerini yapabildiğini göstermesi için bu yani.
30,O1.docx,1b. Bütün nesne,Normalde şöyle ilk başta biz 2011 değil pardon 2012 de her çocuk için ayrı sembol şeyine girdik anlatabildim mi daha sonra sembollerimizi genelleştirdik. Tek ders mesela matematik dersinin sembolü fasülye taneleri sayma yapabildiği için anlatabildim mi? Veya işte beslenmenin sembolü nedir mesela kaşık sembolü küçük çay kaşığı sembolü yani anlatabildim mi? Sembolleri genelleştirdik yani. Öyle olunca da çocuklar tekrarın ardından artık hangi ders hangi sembol olduğunu biliyor ve aynı zamanda
30,O1.docx,1b. Nesne parçası,Normalde şöyle ilk başta biz 2011 değil pardon 2012 de her çocuk için ayrı sembol şeyine girdik anlatabildim mi daha sonra sembollerimizi genelleştirdik. Tek ders mesela matematik dersinin sembolü fasülye taneleri sayma yapabildiği için anlatabildim mi? Veya işte beslenmenin sembolü nedir mesela kaşık sembolü küçük çay kaşığı sembolü yani anlatabildim mi? Sembolleri genelleştirdik yani. Öyle olunca da çocuklar tekrarın ardından artık hangi ders hangi sembol olduğunu biliyor ve aynı zamanda
30,O1.docx,1b. İlişkili nesne,Normalde şöyle ilk başta biz 2011 değil pardon 2012 de her çocuk için ayrı sembol şeyine girdik anlatabildim mi daha sonra sembollerimizi genelleştirdik. Tek ders mesela matematik dersinin sembolü fasülye taneleri sayma yapabildiği için anlatabildim mi? Veya işte beslenmenin sembolü nedir mesela kaşık sembolü küçük çay kaşığı sembolü yani anlatabildim mi? Sembolleri genelleştirdik yani. Öyle olunca da çocuklar tekrarın ardından artık hangi ders hangi sembol olduğunu biliyor ve aynı zamanda
30,O1.docx,1. Kullanım,Normalde şöyle ilk başta biz 2011 değil pardon 2012 de her çocuk için ayrı sembol şeyine girdik anlatabildim mi daha sonra sembollerimizi genelleştirdik. Tek ders mesela matematik dersinin sembolü fasülye taneleri sayma yapabildiği için anlatabildim mi? Veya işte beslenmenin sembolü nedir mesela kaşık sembolü küçük çay kaşığı sembolü yani anlatabildim mi? Sembolleri genelleştirdik yani. Öyle olunca da çocuklar tekrarın ardından artık hangi ders hangi sembol olduğunu biliyor ve aynı zamanda
30,O1.docx,1c. Etkinlik sembolleri,Normalde şöyle ilk başta biz 2011 değil pardon 2012 de her çocuk için ayrı sembol şeyine girdik anlatabildim mi daha sonra sembollerimizi genelleştirdik. Tek ders mesela matematik dersinin sembolü fasülye taneleri sayma yapabildiği için anlatabildim mi? Veya işte beslenmenin sembolü nedir mesela kaşık sembolü küçük çay kaşığı sembolü yani anlatabildim mi? Sembolleri genelleştirdik yani. Öyle olunca da çocuklar tekrarın ardından artık hangi ders hangi sembol olduğunu biliyor ve aynı zamanda
30,O1.docx,1c. Zaman/takvim sembolleri,Normalde şöyle ilk başta biz 2011 değil pardon 2012 de her çocuk için ayrı sembol şeyine girdik anlatabildim mi daha sonra sembollerimizi genelleştirdik. Tek ders mesela matematik dersinin sembolü fasülye taneleri sayma yapabildiği için anlatabildim mi? Veya işte beslenmenin sembolü nedir mesela kaşık sembolü küçük çay kaşığı sembolü yani anlatabildim mi? Sembolleri genelleştirdik yani. Öyle olunca da çocuklar tekrarın ardından artık hangi ders hangi sembol olduğunu biliyor ve aynı zamanda
31,O1.docx,1. Kullanım,O sembolün altında işlevsel okuma kazanmak için de hem gören yazı hem Braille de o dersin tanımlı ismi yazar altında örneğin matematikse altında Brailleli olarak matematik yazar altında ya da Braille olarak şey olarak ta matematik yazar yani. İkisi beraber. Her ikisi de işlevsel okuma amaçlı olarak yani hem bu az görüşlü çocuklar için hem de total ve XXX yapılan çocuklar içinde işlevsel okuma kartı olarak ta kullanılmak ta bu dersler.
31,O1.docx,1c. Etkinlik sembolleri,O sembolün altında işlevsel okuma kazanmak için de hem gören yazı hem Braille de o dersin tanımlı ismi yazar altında örneğin matematikse altında Brailleli olarak matematik yazar altında ya da Braille olarak şey olarak ta matematik yazar yani. İkisi beraber. Her ikisi de işlevsel okuma amaçlı olarak yani hem bu az görüşlü çocuklar için hem de total ve XXX yapılan çocuklar içinde işlevsel okuma kartı olarak ta kullanılmak ta bu dersler.
31,O1.docx,2. Gelişim Alanları,O sembolün altında işlevsel okuma kazanmak için de hem gören yazı hem Braille de o dersin tanımlı ismi yazar altında örneğin matematikse altında Brailleli olarak matematik yazar altında ya da Braille olarak şey olarak ta matematik yazar yani. İkisi beraber. Her ikisi de işlevsel okuma amaçlı olarak yani hem bu az görüşlü çocuklar için hem de total ve XXX yapılan çocuklar içinde işlevsel okuma kartı olarak ta kullanılmak ta bu dersler.
31,O1.docx,2a: Akademik beceriler,O sembolün altında işlevsel okuma kazanmak için de hem gören yazı hem Braille de o dersin tanımlı ismi yazar altında örneğin matematikse altında Brailleli olarak matematik yazar altında ya da Braille olarak şey olarak ta matematik yazar yani. İkisi beraber. Her ikisi de işlevsel okuma amaçlı olarak yani hem bu az görüşlü çocuklar için hem de total ve XXX yapılan çocuklar içinde işlevsel okuma kartı olarak ta kullanılmak ta bu dersler.
31,O1.docx,1d. Yazı içerme,O sembolün altında işlevsel okuma kazanmak için de hem gören yazı hem Braille de o dersin tanımlı ismi yazar altında örneğin matematikse altında Brailleli olarak matematik yazar altında ya da Braille olarak şey olarak ta matematik yazar yani. İkisi beraber. Her ikisi de işlevsel okuma amaçlı olarak yani hem bu az görüşlü çocuklar için hem de total ve XXX yapılan çocuklar içinde işlevsel okuma kartı olarak ta kullanılmak ta bu dersler.
32,O1.docx,1b. Bütün nesne,Mesela gün sembolümüz var mesela bugün günlerden ne Cuma günü okulumuzda tören oldu ve bir tane kabartma bayrak sembolü yaptık mesela. Çocukları bayrak sembolü yapınca bugün Cuma evet bugün törene gidiyoruz ve haftanın son günü Cuma günü olduğunu. Mesela Çarşamba günleri kondisyona iniyoruz spor ayakkabı sembolü var mesela Çarşamba günleri. Mesela Perşembe günü etkinlik saatimiz var Perşembe günü resim etkinliğimiz olduğu için prit sembolü var prit sembolü daima Perşembedir mesela. Pazartesi günü ne yaparız okula çantamızı alıp geliriz çünkü Cumartesi Pazar tatildir hiçbir şey yapmaz Pazartesi günü gelirken çantasını alıp okula gelir. Küçük çanta sembolü vardır ve o gün çantamızı alıp okula geliriz. O gün ne. Günlerden Pazartesi. Böyle bir değişik sembolü vardır.
32,O1.docx,1b. Nesne parçası,Mesela gün sembolümüz var mesela bugün günlerden ne Cuma günü okulumuzda tören oldu ve bir tane kabartma bayrak sembolü yaptık mesela. Çocukları bayrak sembolü yapınca bugün Cuma evet bugün törene gidiyoruz ve haftanın son günü Cuma günü olduğunu. Mesela Çarşamba günleri kondisyona iniyoruz spor ayakkabı sembolü var mesela Çarşamba günleri. Mesela Perşembe günü etkinlik saatimiz var Perşembe günü resim etkinliğimiz olduğu için prit sembolü var prit sembolü daima Perşembedir mesela. Pazartesi günü ne yaparız okula çantamızı alıp geliriz çünkü Cumartesi Pazar tatildir hiçbir şey yapmaz Pazartesi günü gelirken çantasını alıp okula gelir. Küçük çanta sembolü vardır ve o gün çantamızı alıp okula geliriz. O gün ne. Günlerden Pazartesi. Böyle bir değişik sembolü vardır.
32,O1.docx,1b. İlişkili nesne,Mesela gün sembolümüz var mesela bugün günlerden ne Cuma günü okulumuzda tören oldu ve bir tane kabartma bayrak sembolü yaptık mesela. Çocukları bayrak sembolü yapınca bugün Cuma evet bugün törene gidiyoruz ve haftanın son günü Cuma günü olduğunu. Mesela Çarşamba günleri kondisyona iniyoruz spor ayakkabı sembolü var mesela Çarşamba günleri. Mesela Perşembe günü etkinlik saatimiz var Perşembe günü resim etkinliğimiz olduğu için prit sembolü var prit sembolü daima Perşembedir mesela. Pazartesi günü ne yaparız okula çantamızı alıp geliriz çünkü Cumartesi Pazar tatildir hiçbir şey yapmaz Pazartesi günü gelirken çantasını alıp okula gelir. Küçük çanta sembolü vardır ve o gün çantamızı alıp okula geliriz. O gün ne. Günlerden Pazartesi. Böyle bir değişik sembolü vardır.
32,O1.docx,1b. Dokunsal resim/grafik,Mesela gün sembolümüz var mesela bugün günlerden ne Cuma günü okulumuzda tören oldu ve bir tane kabartma bayrak sembolü yaptık mesela. Çocukları bayrak sembolü yapınca bugün Cuma evet bugün törene gidiyoruz ve haftanın son günü Cuma günü olduğunu. Mesela Çarşamba günleri kondisyona iniyoruz spor ayakkabı sembolü var mesela Çarşamba günleri. Mesela Perşembe günü etkinlik saatimiz var Perşembe günü resim etkinliğimiz olduğu için prit sembolü var prit sembolü daima Perşembedir mesela. Pazartesi günü ne yaparız okula çantamızı alıp geliriz çünkü Cumartesi Pazar tatildir hiçbir şey yapmaz Pazartesi günü gelirken çantasını alıp okula gelir. Küçük çanta sembolü vardır ve o gün çantamızı alıp okula geliriz. O gün ne. Günlerden Pazartesi. Böyle bir değişik sembolü vardır.
32,O1.docx,1. Kullanım,Mesela gün sembolümüz var mesela bugün günlerden ne Cuma günü okulumuzda tören oldu ve bir tane kabartma bayrak sembolü yaptık mesela. Çocukları bayrak sembolü yapınca bugün Cuma evet bugün törene gidiyoruz ve haftanın son günü Cuma günü olduğunu. Mesela Çarşamba günleri kondisyona iniyoruz spor ayakkabı sembolü var mesela Çarşamba günleri. Mesela Perşembe günü etkinlik saatimiz var Perşembe günü resim etkinliğimiz olduğu için prit sembolü var prit sembolü daima Perşembedir mesela. Pazartesi günü ne yaparız okula çantamızı alıp geliriz çünkü Cumartesi Pazar tatildir hiçbir şey yapmaz Pazartesi günü gelirken çantasını alıp okula gelir. Küçük çanta sembolü vardır ve o gün çantamızı alıp okula geliriz. O gün ne. Günlerden Pazartesi. Böyle bir değişik sembolü vardır.
32,O1.docx,1d. Nesne/somut materyal,Mesela gün sembolümüz var mesela bugün günlerden ne Cuma günü okulumuzda tören oldu ve bir tane kabartma bayrak sembolü yaptık mesela. Çocukları bayrak sembolü yapınca bugün Cuma evet bugün törene gidiyoruz ve haftanın son günü Cuma günü olduğunu. Mesela Çarşamba günleri kondisyona iniyoruz spor ayakkabı sembolü var mesela Çarşamba günleri. Mesela Perşembe günü etkinlik saatimiz var Perşembe günü resim etkinliğimiz olduğu için prit sembolü var prit sembolü daima Perşembedir mesela. Pazartesi günü ne yaparız okula çantamızı alıp geliriz çünkü Cumartesi Pazar tatildir hiçbir şey yapmaz Pazartesi günü gelirken çantasını alıp okula gelir. Küçük çanta sembolü vardır ve o gün çantamızı alıp okula geliriz. O gün ne. Günlerden Pazartesi. Böyle bir değişik sembolü vardır.
32,O1.docx,1c. Etkinlik sembolleri,Mesela gün sembolümüz var mesela bugün günlerden ne Cuma günü okulumuzda tören oldu ve bir tane kabartma bayrak sembolü yaptık mesela. Çocukları bayrak sembolü yapınca bugün Cuma evet bugün törene gidiyoruz ve haftanın son günü Cuma günü olduğunu. Mesela Çarşamba günleri kondisyona iniyoruz spor ayakkabı sembolü var mesela Çarşamba günleri. Mesela Perşembe günü etkinlik saatimiz var Perşembe günü resim etkinliğimiz olduğu için prit sembolü var prit sembolü daima Perşembedir mesela. Pazartesi günü ne yaparız okula çantamızı alıp geliriz çünkü Cumartesi Pazar tatildir hiçbir şey yapmaz Pazartesi günü gelirken çantasını alıp okula gelir. Küçük çanta sembolü vardır ve o gün çantamızı alıp okula geliriz. O gün ne. Günlerden Pazartesi. Böyle bir değişik sembolü vardır.
32,O1.docx,2. Gelişim Alanları,Mesela gün sembolümüz var mesela bugün günlerden ne Cuma günü okulumuzda tören oldu ve bir tane kabartma bayrak sembolü yaptık mesela. Çocukları bayrak sembolü yapınca bugün Cuma evet bugün törene gidiyoruz ve haftanın son günü Cuma günü olduğunu. Mesela Çarşamba günleri kondisyona iniyoruz spor ayakkabı sembolü var mesela Çarşamba günleri. Mesela Perşembe günü etkinlik saatimiz var Perşembe günü resim etkinliğimiz olduğu için prit sembolü var prit sembolü daima Perşembedir mesela. Pazartesi günü ne yaparız okula çantamızı alıp geliriz çünkü Cumartesi Pazar tatildir hiçbir şey yapmaz Pazartesi günü gelirken çantasını alıp okula gelir. Küçük çanta sembolü vardır ve o gün çantamızı alıp okula geliriz. O gün ne. Günlerden Pazartesi. Böyle bir değişik sembolü vardır.
32,O1.docx,2a: Akademik beceriler,Mesela gün sembolümüz var mesela bugün günlerden ne Cuma günü okulumuzda tören oldu ve bir tane kabartma bayrak sembolü yaptık mesela. Çocukları bayrak sembolü yapınca bugün Cuma evet bugün törene gidiyoruz ve haftanın son günü Cuma günü olduğunu. Mesela Çarşamba günleri kondisyona iniyoruz spor ayakkabı sembolü var mesela Çarşamba günleri. Mesela Perşembe günü etkinlik saatimiz var Perşembe günü resim etkinliğimiz olduğu için prit sembolü var prit sembolü daima Perşembedir mesela. Pazartesi günü ne yaparız okula çantamızı alıp geliriz çünkü Cumartesi Pazar tatildir hiçbir şey yapmaz Pazartesi günü gelirken çantasını alıp okula gelir. Küçük çanta sembolü vardır ve o gün çantamızı alıp okula geliriz. O gün ne. Günlerden Pazartesi. Böyle bir değişik sembolü vardır.
32,O1.docx,1c. Zaman/takvim sembolleri,Mesela gün sembolümüz var mesela bugün günlerden ne Cuma günü okulumuzda tören oldu ve bir tane kabartma bayrak sembolü yaptık mesela. Çocukları bayrak sembolü yapınca bugün Cuma evet bugün törene gidiyoruz ve haftanın son günü Cuma günü olduğunu. Mesela Çarşamba günleri kondisyona iniyoruz spor ayakkabı sembolü var mesela Çarşamba günleri. Mesela Perşembe günü etkinlik saatimiz var Perşembe günü resim etkinliğimiz olduğu için prit sembolü var prit sembolü daima Perşembedir mesela. Pazartesi günü ne yaparız okula çantamızı alıp geliriz çünkü Cumartesi Pazar tatildir hiçbir şey yapmaz Pazartesi günü gelirken çantasını alıp okula gelir. Küçük çanta sembolü vardır ve o gün çantamızı alıp okula geliriz. O gün ne. Günlerden Pazartesi. Böyle bir değişik sembolü vardır.
32,O1.docx,1c. Yer sembolleri,Mesela gün sembolümüz var mesela bugün günlerden ne Cuma günü okulumuzda tören oldu ve bir tane kabartma bayrak sembolü yaptık mesela. Çocukları bayrak sembolü yapınca bugün Cuma evet bugün törene gidiyoruz ve haftanın son günü Cuma günü olduğunu. Mesela Çarşamba günleri kondisyona iniyoruz spor ayakkabı sembolü var mesela Çarşamba günleri. Mesela Perşembe günü etkinlik saatimiz var Perşembe günü resim etkinliğimiz olduğu için prit sembolü var prit sembolü daima Perşembedir mesela. Pazartesi günü ne yaparız okula çantamızı alıp geliriz çünkü Cumartesi Pazar tatildir hiçbir şey yapmaz Pazartesi günü gelirken çantasını alıp okula gelir. Küçük çanta sembolü vardır ve o gün çantamızı alıp okula geliriz. O gün ne. Günlerden Pazartesi. Böyle bir değişik sembolü vardır.
33,O1.docx,1b. Nesne parçası,"Mevsimler için mevsimin her mevsimin ilişki XXX kışın biz ne yaparız, atkı takarız, şapka takarız, eldiven takarız, botlarımızı giyeriz değil mi kar yağar budur yani şey için hava nasıl soğuk olur. Yazın mesela çimler çıkar çimenler çıkar biz artık kısa kollu kıyafetler giyeriz yaz mevsimi için ya da oraya şemsiye koyarsın kumsal şeyini belirtmesi için yani anlatabildim mi bir paketin içine ince kum koyarsın kumsal uzanır şeklinde belirtirsin bir güneş sembolü olur. Sonbaharda ağaçlar çiçeklerini döker. Bir ağaç resmi yapılır bir kabartma ağaç şeklinde figür yapılır yapraklar serpilir.  Artık yağmurlar başladığında bir şemsiye konur mesela ya da bahara şemsiye koyarsınız. Mevsime ilişki göre sembolünü kullanırız yani."
33,O1.docx,1b. İlişkili nesne,"Mevsimler için mevsimin her mevsimin ilişki XXX kışın biz ne yaparız, atkı takarız, şapka takarız, eldiven takarız, botlarımızı giyeriz değil mi kar yağar budur yani şey için hava nasıl soğuk olur. Yazın mesela çimler çıkar çimenler çıkar biz artık kısa kollu kıyafetler giyeriz yaz mevsimi için ya da oraya şemsiye koyarsın kumsal şeyini belirtmesi için yani anlatabildim mi bir paketin içine ince kum koyarsın kumsal uzanır şeklinde belirtirsin bir güneş sembolü olur. Sonbaharda ağaçlar çiçeklerini döker. Bir ağaç resmi yapılır bir kabartma ağaç şeklinde figür yapılır yapraklar serpilir.  Artık yağmurlar başladığında bir şemsiye konur mesela ya da bahara şemsiye koyarsınız. Mevsime ilişki göre sembolünü kullanırız yani."
33,O1.docx,1b. Yapı/doku,"Mevsimler için mevsimin her mevsimin ilişki XXX kışın biz ne yaparız, atkı takarız, şapka takarız, eldiven takarız, botlarımızı giyeriz değil mi kar yağar budur yani şey için hava nasıl soğuk olur. Yazın mesela çimler çıkar çimenler çıkar biz artık kısa kollu kıyafetler giyeriz yaz mevsimi için ya da oraya şemsiye koyarsın kumsal şeyini belirtmesi için yani anlatabildim mi bir paketin içine ince kum koyarsın kumsal uzanır şeklinde belirtirsin bir güneş sembolü olur. Sonbaharda ağaçlar çiçeklerini döker. Bir ağaç resmi yapılır bir kabartma ağaç şeklinde figür yapılır yapraklar serpilir.  Artık yağmurlar başladığında bir şemsiye konur mesela ya da bahara şemsiye koyarsınız. Mevsime ilişki göre sembolünü kullanırız yani."
33,O1.docx,1. Kullanım,"Mevsimler için mevsimin her mevsimin ilişki XXX kışın biz ne yaparız, atkı takarız, şapka takarız, eldiven takarız, botlarımızı giyeriz değil mi kar yağar budur yani şey için hava nasıl soğuk olur. Yazın mesela çimler çıkar çimenler çıkar biz artık kısa kollu kıyafetler giyeriz yaz mevsimi için ya da oraya şemsiye koyarsın kumsal şeyini belirtmesi için yani anlatabildim mi bir paketin içine ince kum koyarsın kumsal uzanır şeklinde belirtirsin bir güneş sembolü olur. Sonbaharda ağaçlar çiçeklerini döker. Bir ağaç resmi yapılır bir kabartma ağaç şeklinde figür yapılır yapraklar serpilir.  Artık yağmurlar başladığında bir şemsiye konur mesela ya da bahara şemsiye koyarsınız. Mevsime ilişki göre sembolünü kullanırız yani."
33,O1.docx,1d. Nesne/somut materyal,"Mevsimler için mevsimin her mevsimin ilişki XXX kışın biz ne yaparız, atkı takarız, şapka takarız, eldiven takarız, botlarımızı giyeriz değil mi kar yağar budur yani şey için hava nasıl soğuk olur. Yazın mesela çimler çıkar çimenler çıkar biz artık kısa kollu kıyafetler giyeriz yaz mevsimi için ya da oraya şemsiye koyarsın kumsal şeyini belirtmesi için yani anlatabildim mi bir paketin içine ince kum koyarsın kumsal uzanır şeklinde belirtirsin bir güneş sembolü olur. Sonbaharda ağaçlar çiçeklerini döker. Bir ağaç resmi yapılır bir kabartma ağaç şeklinde figür yapılır yapraklar serpilir.  Artık yağmurlar başladığında bir şemsiye konur mesela ya da bahara şemsiye koyarsınız. Mevsime ilişki göre sembolünü kullanırız yani."
33,O1.docx,1c. Etkinlik sembolleri,"Mevsimler için mevsimin her mevsimin ilişki XXX kışın biz ne yaparız, atkı takarız, şapka takarız, eldiven takarız, botlarımızı giyeriz değil mi kar yağar budur yani şey için hava nasıl soğuk olur. Yazın mesela çimler çıkar çimenler çıkar biz artık kısa kollu kıyafetler giyeriz yaz mevsimi için ya da oraya şemsiye koyarsın kumsal şeyini belirtmesi için yani anlatabildim mi bir paketin içine ince kum koyarsın kumsal uzanır şeklinde belirtirsin bir güneş sembolü olur. Sonbaharda ağaçlar çiçeklerini döker. Bir ağaç resmi yapılır bir kabartma ağaç şeklinde figür yapılır yapraklar serpilir.  Artık yağmurlar başladığında bir şemsiye konur mesela ya da bahara şemsiye koyarsınız. Mevsime ilişki göre sembolünü kullanırız yani."
33,O1.docx,2. Gelişim Alanları,"Mevsimler için mevsimin her mevsimin ilişki XXX kışın biz ne yaparız, atkı takarız, şapka takarız, eldiven takarız, botlarımızı giyeriz değil mi kar yağar budur yani şey için hava nasıl soğuk olur. Yazın mesela çimler çıkar çimenler çıkar biz artık kısa kollu kıyafetler giyeriz yaz mevsimi için ya da oraya şemsiye koyarsın kumsal şeyini belirtmesi için yani anlatabildim mi bir paketin içine ince kum koyarsın kumsal uzanır şeklinde belirtirsin bir güneş sembolü olur. Sonbaharda ağaçlar çiçeklerini döker. Bir ağaç resmi yapılır bir kabartma ağaç şeklinde figür yapılır yapraklar serpilir.  Artık yağmurlar başladığında bir şemsiye konur mesela ya da bahara şemsiye koyarsınız. Mevsime ilişki göre sembolünü kullanırız yani."
33,O1.docx,2a: Akademik beceriler,"Mevsimler için mevsimin her mevsimin ilişki XXX kışın biz ne yaparız, atkı takarız, şapka takarız, eldiven takarız, botlarımızı giyeriz değil mi kar yağar budur yani şey için hava nasıl soğuk olur. Yazın mesela çimler çıkar çimenler çıkar biz artık kısa kollu kıyafetler giyeriz yaz mevsimi için ya da oraya şemsiye koyarsın kumsal şeyini belirtmesi için yani anlatabildim mi bir paketin içine ince kum koyarsın kumsal uzanır şeklinde belirtirsin bir güneş sembolü olur. Sonbaharda ağaçlar çiçeklerini döker. Bir ağaç resmi yapılır bir kabartma ağaç şeklinde figür yapılır yapraklar serpilir.  Artık yağmurlar başladığında bir şemsiye konur mesela ya da bahara şemsiye koyarsınız. Mevsime ilişki göre sembolünü kullanırız yani."
33,O1.docx,1c. Zaman/takvim sembolleri,"Mevsimler için mevsimin her mevsimin ilişki XXX kışın biz ne yaparız, atkı takarız, şapka takarız, eldiven takarız, botlarımızı giyeriz değil mi kar yağar budur yani şey için hava nasıl soğuk olur. Yazın mesela çimler çıkar çimenler çıkar biz artık kısa kollu kıyafetler giyeriz yaz mevsimi için ya da oraya şemsiye koyarsın kumsal şeyini belirtmesi için yani anlatabildim mi bir paketin içine ince kum koyarsın kumsal uzanır şeklinde belirtirsin bir güneş sembolü olur. Sonbaharda ağaçlar çiçeklerini döker. Bir ağaç resmi yapılır bir kabartma ağaç şeklinde figür yapılır yapraklar serpilir.  Artık yağmurlar başladığında bir şemsiye konur mesela ya da bahara şemsiye koyarsınız. Mevsime ilişki göre sembolünü kullanırız yani."
33,O1.docx,3. Öneriler,"Mevsimler için mevsimin her mevsimin ilişki XXX kışın biz ne yaparız, atkı takarız, şapka takarız, eldiven takarız, botlarımızı giyeriz değil mi kar yağar budur yani şey için hava nasıl soğuk olur. Yazın mesela çimler çıkar çimenler çıkar biz artık kısa kollu kıyafetler giyeriz yaz mevsimi için ya da oraya şemsiye koyarsın kumsal şeyini belirtmesi için yani anlatabildim mi bir paketin içine ince kum koyarsın kumsal uzanır şeklinde belirtirsin bir güneş sembolü olur. Sonbaharda ağaçlar çiçeklerini döker. Bir ağaç resmi yapılır bir kabartma ağaç şeklinde figür yapılır yapraklar serpilir.  Artık yağmurlar başladığında bir şemsiye konur mesela ya da bahara şemsiye koyarsınız. Mevsime ilişki göre sembolünü kullanırız yani."
33,O1.docx,3a. Akademik beceriler,"Mevsimler için mevsimin her mevsimin ilişki XXX kışın biz ne yaparız, atkı takarız, şapka takarız, eldiven takarız, botlarımızı giyeriz değil mi kar yağar budur yani şey için hava nasıl soğuk olur. Yazın mesela çimler çıkar çimenler çıkar biz artık kısa kollu kıyafetler giyeriz yaz mevsimi için ya da oraya şemsiye koyarsın kumsal şeyini belirtmesi için yani anlatabildim mi bir paketin içine ince kum koyarsın kumsal uzanır şeklinde belirtirsin bir güneş sembolü olur. Sonbaharda ağaçlar çiçeklerini döker. Bir ağaç resmi yapılır bir kabartma ağaç şeklinde figür yapılır yapraklar serpilir.  Artık yağmurlar başladığında bir şemsiye konur mesela ya da bahara şemsiye koyarsınız. Mevsime ilişki göre sembolünü kullanırız yani."
33,O1.docx,3a. Etkinlik,"Mevsimler için mevsimin her mevsimin ilişki XXX kışın biz ne yaparız, atkı takarız, şapka takarız, eldiven takarız, botlarımızı giyeriz değil mi kar yağar budur yani şey için hava nasıl soğuk olur. Yazın mesela çimler çıkar çimenler çıkar biz artık kısa kollu kıyafetler giyeriz yaz mevsimi için ya da oraya şemsiye koyarsın kumsal şeyini belirtmesi için yani anlatabildim mi bir paketin içine ince kum koyarsın kumsal uzanır şeklinde belirtirsin bir güneş sembolü olur. Sonbaharda ağaçlar çiçeklerini döker. Bir ağaç resmi yapılır bir kabartma ağaç şeklinde figür yapılır yapraklar serpilir.  Artık yağmurlar başladığında bir şemsiye konur mesela ya da bahara şemsiye koyarsınız. Mevsime ilişki göre sembolünü kullanırız yani."
34,O1.docx,1. Kullanım,Diğer sorumuzda şöyle bir şey var. Ne kadardır bu sembolü kullanıyorsunuz. Yani 5 yıl ve üzerinde yani şu anda 6ncı senemiz oldu yani.
34,O1.docx,1a. Kullanım süresi,Diğer sorumuzda şöyle bir şey var. Ne kadardır bu sembolü kullanıyorsunuz. Yani 5 yıl ve üzerinde yani şu anda 6ncı senemiz oldu yani.
35,O1.docx,1. Kullanım,Semboller hakkında sahip olduğunuz bilgiyi nereden edindiniz? Sorunuz var aslında şöyle lisans derslerinde çok fazla bu çocuklarla ilgili biz eğitimi biz almadık. 2006 – 2007 mezunu eski olduğumu için yoktu yani. Ya burada üniversite destekli olarak seminer verilen konferans verilen toplantılar bu alanla ilgili uğraşmakta olan bu çocuklarla şu çalışmakta olan Yrd. Doç. Dr. Pınar Şafak hoca aracılığıyla da aynı zaman da gelir sınıf ziyaretimizde işte stajyer uygulamasında.
35,O1.docx,1a. Eğitim alma,Semboller hakkında sahip olduğunuz bilgiyi nereden edindiniz? Sorunuz var aslında şöyle lisans derslerinde çok fazla bu çocuklarla ilgili biz eğitimi biz almadık. 2006 – 2007 mezunu eski olduğumu için yoktu yani. Ya burada üniversite destekli olarak seminer verilen konferans verilen toplantılar bu alanla ilgili uğraşmakta olan bu çocuklarla şu çalışmakta olan Yrd. Doç. Dr. Pınar Şafak hoca aracılığıyla da aynı zaman da gelir sınıf ziyaretimizde işte stajyer uygulamasında.
36,O1.docx,1. Kullanım,O belirtilmemiş ben seminer olarak belirtiyorum çünkü gelip burada kendisi seminer veriyor yer yer konuşuyoruz paylaşımda bulunuyoruz
36,O1.docx,1a. Eğitim alma,O belirtilmemiş ben seminer olarak belirtiyorum çünkü gelip burada kendisi seminer veriyor yer yer konuşuyoruz paylaşımda bulunuyoruz
37,O1.docx,1. Kullanım,"yani bir de bizim sınıfımız en eski sınıf burada ilk sınıflardan biri yani resimleri, sembolü şu anda en bağımsız nerdeyse %80 %90 diyebilirim yani bağımsız şekilde kullanıp işlevine uygun şekilde yerine getiren sınıf XXX şu anda yani."
37,O1.docx,1a. Deneyim,"yani bir de bizim sınıfımız en eski sınıf burada ilk sınıflardan biri yani resimleri, sembolü şu anda en bağımsız nerdeyse %80 %90 diyebilirim yani bağımsız şekilde kullanıp işlevine uygun şekilde yerine getiren sınıf XXX şu anda yani."
53,O1.docx,1. Kullanım,Takvimimiz derken takvimle ilgili şey var günün sembolü şeklinde var takvimimiz var bugün günlerden ne ya da mevsim sembolü bu var yani.
53,O1.docx,1c. Zaman/takvim sembolleri,Takvimimiz derken takvimle ilgili şey var günün sembolü şeklinde var takvimimiz var bugün günlerden ne ya da mevsim sembolü bu var yani.
53,O1.docx,3. Öneriler,Takvimimiz derken takvimle ilgili şey var günün sembolü şeklinde var takvimimiz var bugün günlerden ne ya da mevsim sembolü bu var yani.
53,O1.docx,3a. Zaman/takvim,Takvimimiz derken takvimle ilgili şey var günün sembolü şeklinde var takvimimiz var bugün günlerden ne ya da mevsim sembolü bu var yani.
54,O1.docx,1b. Bütün nesne,"Muhittin Taşdemir: Kullandığınız semboller, nesne, nesne parçası, resim, fotoğraf gibi bu özelliklerinden hangisini taşımaktadır. Valla hepsini taşıyor yani. Az önce konuştuğumuz gibi yani."
54,O1.docx,1b. Nesne parçası,"Muhittin Taşdemir: Kullandığınız semboller, nesne, nesne parçası, resim, fotoğraf gibi bu özelliklerinden hangisini taşımaktadır. Valla hepsini taşıyor yani. Az önce konuştuğumuz gibi yani."
54,O1.docx,1b. İlişkili nesne,"Muhittin Taşdemir: Kullandığınız semboller, nesne, nesne parçası, resim, fotoğraf gibi bu özelliklerinden hangisini taşımaktadır. Valla hepsini taşıyor yani. Az önce konuştuğumuz gibi yani."
54,O1.docx,1b. Yapı/doku,"Muhittin Taşdemir: Kullandığınız semboller, nesne, nesne parçası, resim, fotoğraf gibi bu özelliklerinden hangisini taşımaktadır. Valla hepsini taşıyor yani. Az önce konuştuğumuz gibi yani."
54,O1.docx,1b. Dokunsal resim/grafik,"Muhittin Taşdemir: Kullandığınız semboller, nesne, nesne parçası, resim, fotoğraf gibi bu özelliklerinden hangisini taşımaktadır. Valla hepsini taşıyor yani. Az önce konuştuğumuz gibi yani."
54,O1.docx,1. Kullanım,"Muhittin Taşdemir: Kullandığınız semboller, nesne, nesne parçası, resim, fotoğraf gibi bu özelliklerinden hangisini taşımaktadır. Valla hepsini taşıyor yani. Az önce konuştuğumuz gibi yani."
54,O1.docx,1b. Resim/fotoğraf,"Muhittin Taşdemir: Kullandığınız semboller, nesne, nesne parçası, resim, fotoğraf gibi bu özelliklerinden hangisini taşımaktadır. Valla hepsini taşıyor yani. Az önce konuştuğumuz gibi yani."
55,O1.docx,1. Kullanım,XXX kartla yapıştırılmış bu var sembolik Braillele  yazılmış var gören yazıyla yazıldı bu da var az önce anlatmıştım olayı zaten. Yine az gören XXX göz önünde bulunduruyoruz zaten. Tutma kavramı zaten onu öğrencinin gelişim sürecine göre onu dikkate alıyoruz. Dayanıklı malzeme kullanmaya çalışıyoruz ama her yıl dokuna dokuna tabi ki bir yıl boyunca o karta dokunuyor ki o yıpranıyor. Biz sene başında onu yenileme sürecine gidiyoruz.
55,O1.docx,1d. Görsel uyarlama,XXX kartla yapıştırılmış bu var sembolik Braillele  yazılmış var gören yazıyla yazıldı bu da var az önce anlatmıştım olayı zaten. Yine az gören XXX göz önünde bulunduruyoruz zaten. Tutma kavramı zaten onu öğrencinin gelişim sürecine göre onu dikkate alıyoruz. Dayanıklı malzeme kullanmaya çalışıyoruz ama her yıl dokuna dokuna tabi ki bir yıl boyunca o karta dokunuyor ki o yıpranıyor. Biz sene başında onu yenileme sürecine gidiyoruz.
55,O1.docx,1d. Nesne/somut materyal,XXX kartla yapıştırılmış bu var sembolik Braillele  yazılmış var gören yazıyla yazıldı bu da var az önce anlatmıştım olayı zaten. Yine az gören XXX göz önünde bulunduruyoruz zaten. Tutma kavramı zaten onu öğrencinin gelişim sürecine göre onu dikkate alıyoruz. Dayanıklı malzeme kullanmaya çalışıyoruz ama her yıl dokuna dokuna tabi ki bir yıl boyunca o karta dokunuyor ki o yıpranıyor. Biz sene başında onu yenileme sürecine gidiyoruz.
55,O1.docx,1d. Kişisel ilgilere uygunluk,XXX kartla yapıştırılmış bu var sembolik Braillele  yazılmış var gören yazıyla yazıldı bu da var az önce anlatmıştım olayı zaten. Yine az gören XXX göz önünde bulunduruyoruz zaten. Tutma kavramı zaten onu öğrencinin gelişim sürecine göre onu dikkate alıyoruz. Dayanıklı malzeme kullanmaya çalışıyoruz ama her yıl dokuna dokuna tabi ki bir yıl boyunca o karta dokunuyor ki o yıpranıyor. Biz sene başında onu yenileme sürecine gidiyoruz.
55,O1.docx,1d. Yazı içerme,XXX kartla yapıştırılmış bu var sembolik Braillele  yazılmış var gören yazıyla yazıldı bu da var az önce anlatmıştım olayı zaten. Yine az gören XXX göz önünde bulunduruyoruz zaten. Tutma kavramı zaten onu öğrencinin gelişim sürecine göre onu dikkate alıyoruz. Dayanıklı malzeme kullanmaya çalışıyoruz ama her yıl dokuna dokuna tabi ki bir yıl boyunca o karta dokunuyor ki o yıpranıyor. Biz sene başında onu yenileme sürecine gidiyoruz.
55,O1.docx,1d. Sağlamlık ve dayanıklılık,XXX kartla yapıştırılmış bu var sembolik Braillele  yazılmış var gören yazıyla yazıldı bu da var az önce anlatmıştım olayı zaten. Yine az gören XXX göz önünde bulunduruyoruz zaten. Tutma kavramı zaten onu öğrencinin gelişim sürecine göre onu dikkate alıyoruz. Dayanıklı malzeme kullanmaya çalışıyoruz ama her yıl dokuna dokuna tabi ki bir yıl boyunca o karta dokunuyor ki o yıpranıyor. Biz sene başında onu yenileme sürecine gidiyoruz.
55,O1.docx,1d. 	Motor beceri/fiziksel ihtiyaçlara uygunluk,XXX kartla yapıştırılmış bu var sembolik Braillele  yazılmış var gören yazıyla yazıldı bu da var az önce anlatmıştım olayı zaten. Yine az gören XXX göz önünde bulunduruyoruz zaten. Tutma kavramı zaten onu öğrencinin gelişim sürecine göre onu dikkate alıyoruz. Dayanıklı malzeme kullanmaya çalışıyoruz ama her yıl dokuna dokuna tabi ki bir yıl boyunca o karta dokunuyor ki o yıpranıyor. Biz sene başında onu yenileme sürecine gidiyoruz.
56,O1.docx,1. Kullanım,Yaşa uygunluğu esastır.
56,O1.docx,1d. Yaşa uygunluk,Yaşa uygunluğu esastır.
57,O1.docx,1. Kullanım,Gerçek XXX oluşuyor gerçek nesnedir bazen büyük nesneyi küçültüyoruz ya da total oldukları için genellikle maket örnek kullanıyoruz. O da yakın bir örnek sonuçta yani.
57,O1.docx,1b. Minyatür/replika nesne,Gerçek XXX oluşuyor gerçek nesnedir bazen büyük nesneyi küçültüyoruz ya da total oldukları için genellikle maket örnek kullanıyoruz. O da yakın bir örnek sonuçta yani.
58,O1.docx,1b. Dokunsal resim/grafik,Çizim görüntüden oluşuyor derken. Çizimden ziyade kabartma diyelim biz olur mu? Öyle desek daha şey olur. Kabartma görüntüden oluşan bazı baskılarda yapmaktayız aynı zamanda.
58,O1.docx,1. Kullanım,Çizim görüntüden oluşuyor derken. Çizimden ziyade kabartma diyelim biz olur mu? Öyle desek daha şey olur. Kabartma görüntüden oluşan bazı baskılarda yapmaktayız aynı zamanda.
66,O1.docx,1. Kullanım,"sembollerin XXX yararlı olduğunu düşünüyor musunuz? Yani biz şu anda düşünüyoruz. Çünkü hani dedim ya bizim sınıfımız sembolün yanı sıra altta yazan gören ve işlevsel okuma diye belirtmiştim ya Braille yazı olanları şu anda 5 öğrencimizin 3 tanesi hemen hemen harflerin çoğunu söküyor özellikle 2 öğrencimiz harflerin çoğunu söküyor şu anda altta matematik yazdığını m at e şeklinde yani sembole dokunmadan ilk önce biz sembole dokundurduk zaten daha sonra harfe dokundurduk. Artık mesela bugün XXX yapacağımız zaman sembole dokundurmuyoruz artık yani sadece hem okumaya da geçmiş oluyoruz yani yazıyı da o gün hangi ders var matematik bakalım evet dokunalım evet şu anda matematik dersi var doğru. Hem de kendisini doğru okumaya ve hece birleştirmeye ses birleştirmeye okuma çalışmalarına katkısı çok yüksek oluyor. Okuma kartı şeklinde olup ta okumayan kişileri hızlandırdı. Yani bunun yapılması bizim harf öğretimizde geldiğimiz harfin örneğin bir matematikteki mesela XXX başladık e’yi öğrettik l’yi öğrettik, a’yı öğrettik ama matematikte tı’yı çocuk aldığı zaman biz tı’yı öğretirken %50 - %60 işimiz kolaylaşıyor.  Buna da zemin hazırlıyor aynı zaman da."
66,O1.docx,2. Gelişim Alanları,"sembollerin XXX yararlı olduğunu düşünüyor musunuz? Yani biz şu anda düşünüyoruz. Çünkü hani dedim ya bizim sınıfımız sembolün yanı sıra altta yazan gören ve işlevsel okuma diye belirtmiştim ya Braille yazı olanları şu anda 5 öğrencimizin 3 tanesi hemen hemen harflerin çoğunu söküyor özellikle 2 öğrencimiz harflerin çoğunu söküyor şu anda altta matematik yazdığını m at e şeklinde yani sembole dokunmadan ilk önce biz sembole dokundurduk zaten daha sonra harfe dokundurduk. Artık mesela bugün XXX yapacağımız zaman sembole dokundurmuyoruz artık yani sadece hem okumaya da geçmiş oluyoruz yani yazıyı da o gün hangi ders var matematik bakalım evet dokunalım evet şu anda matematik dersi var doğru. Hem de kendisini doğru okumaya ve hece birleştirmeye ses birleştirmeye okuma çalışmalarına katkısı çok yüksek oluyor. Okuma kartı şeklinde olup ta okumayan kişileri hızlandırdı. Yani bunun yapılması bizim harf öğretimizde geldiğimiz harfin örneğin bir matematikteki mesela XXX başladık e’yi öğrettik l’yi öğrettik, a’yı öğrettik ama matematikte tı’yı çocuk aldığı zaman biz tı’yı öğretirken %50 - %60 işimiz kolaylaşıyor.  Buna da zemin hazırlıyor aynı zaman da."
66,O1.docx,2a: Akademik beceriler,"sembollerin XXX yararlı olduğunu düşünüyor musunuz? Yani biz şu anda düşünüyoruz. Çünkü hani dedim ya bizim sınıfımız sembolün yanı sıra altta yazan gören ve işlevsel okuma diye belirtmiştim ya Braille yazı olanları şu anda 5 öğrencimizin 3 tanesi hemen hemen harflerin çoğunu söküyor özellikle 2 öğrencimiz harflerin çoğunu söküyor şu anda altta matematik yazdığını m at e şeklinde yani sembole dokunmadan ilk önce biz sembole dokundurduk zaten daha sonra harfe dokundurduk. Artık mesela bugün XXX yapacağımız zaman sembole dokundurmuyoruz artık yani sadece hem okumaya da geçmiş oluyoruz yani yazıyı da o gün hangi ders var matematik bakalım evet dokunalım evet şu anda matematik dersi var doğru. Hem de kendisini doğru okumaya ve hece birleştirmeye ses birleştirmeye okuma çalışmalarına katkısı çok yüksek oluyor. Okuma kartı şeklinde olup ta okumayan kişileri hızlandırdı. Yani bunun yapılması bizim harf öğretimizde geldiğimiz harfin örneğin bir matematikteki mesela XXX başladık e’yi öğrettik l’yi öğrettik, a’yı öğrettik ama matematikte tı’yı çocuk aldığı zaman biz tı’yı öğretirken %50 - %60 işimiz kolaylaşıyor.  Buna da zemin hazırlıyor aynı zaman da."
66,O1.docx,2a. Okuma-yazma,"sembollerin XXX yararlı olduğunu düşünüyor musunuz? Yani biz şu anda düşünüyoruz. Çünkü hani dedim ya bizim sınıfımız sembolün yanı sıra altta yazan gören ve işlevsel okuma diye belirtmiştim ya Braille yazı olanları şu anda 5 öğrencimizin 3 tanesi hemen hemen harflerin çoğunu söküyor özellikle 2 öğrencimiz harflerin çoğunu söküyor şu anda altta matematik yazdığını m at e şeklinde yani sembole dokunmadan ilk önce biz sembole dokundurduk zaten daha sonra harfe dokundurduk. Artık mesela bugün XXX yapacağımız zaman sembole dokundurmuyoruz artık yani sadece hem okumaya da geçmiş oluyoruz yani yazıyı da o gün hangi ders var matematik bakalım evet dokunalım evet şu anda matematik dersi var doğru. Hem de kendisini doğru okumaya ve hece birleştirmeye ses birleştirmeye okuma çalışmalarına katkısı çok yüksek oluyor. Okuma kartı şeklinde olup ta okumayan kişileri hızlandırdı. Yani bunun yapılması bizim harf öğretimizde geldiğimiz harfin örneğin bir matematikteki mesela XXX başladık e’yi öğrettik l’yi öğrettik, a’yı öğrettik ama matematikte tı’yı çocuk aldığı zaman biz tı’yı öğretirken %50 - %60 işimiz kolaylaşıyor.  Buna da zemin hazırlıyor aynı zaman da."
66,O1.docx,4a. Okuma-yazma,"sembollerin XXX yararlı olduğunu düşünüyor musunuz? Yani biz şu anda düşünüyoruz. Çünkü hani dedim ya bizim sınıfımız sembolün yanı sıra altta yazan gören ve işlevsel okuma diye belirtmiştim ya Braille yazı olanları şu anda 5 öğrencimizin 3 tanesi hemen hemen harflerin çoğunu söküyor özellikle 2 öğrencimiz harflerin çoğunu söküyor şu anda altta matematik yazdığını m at e şeklinde yani sembole dokunmadan ilk önce biz sembole dokundurduk zaten daha sonra harfe dokundurduk. Artık mesela bugün XXX yapacağımız zaman sembole dokundurmuyoruz artık yani sadece hem okumaya da geçmiş oluyoruz yani yazıyı da o gün hangi ders var matematik bakalım evet dokunalım evet şu anda matematik dersi var doğru. Hem de kendisini doğru okumaya ve hece birleştirmeye ses birleştirmeye okuma çalışmalarına katkısı çok yüksek oluyor. Okuma kartı şeklinde olup ta okumayan kişileri hızlandırdı. Yani bunun yapılması bizim harf öğretimizde geldiğimiz harfin örneğin bir matematikteki mesela XXX başladık e’yi öğrettik l’yi öğrettik, a’yı öğrettik ama matematikte tı’yı çocuk aldığı zaman biz tı’yı öğretirken %50 - %60 işimiz kolaylaşıyor.  Buna da zemin hazırlıyor aynı zaman da."
